CREATE database playersretreat;
USE playersretreat ;

CREATE TABLE jogo (
  id INT NOT NULL AUTO_INCREMENT,
  nome VARCHAR(45) NOT NULL,
  PRIMARY KEY (id));

CREATE TABLE  topicos (
  id INT NOT NULL AUTO_INCREMENT,
  nome VARCHAR(45) NOT NULL,
  PRIMARY KEY (id));

CREATE TABLE  topicodojogo (
  fkJogos INT NOT NULL,
  fkTopicos INT NOT NULL,
  PRIMARY KEY (fkJogos, fkTopicos),
  INDEX fk_topicoDoJogo_topicos1_idx (fkTopicos ASC) ,
  INDEX fk_topicoDoJogo_jogo_idx (fkJogos ASC) ,
  CONSTRAINT fk_topicoDoJogo_jogo FOREIGN KEY (fkJogos) REFERENCES playersretreat.jogo (id),
  CONSTRAINT fk_topicoDoJogo_topicos1 FOREIGN KEY (fkTopicos) REFERENCES playersretreat.topicos (id));

CREATE TABLE  usuario (
  id INT NOT NULL AUTO_INCREMENT,
  login VARCHAR(45) NOT NULL,
  email VARCHAR(45) NOT NULL,
  senha VARCHAR(45) NOT NULL,
  PRIMARY KEY (id));

CREATE TABLE  posts (
  id INT NOT NULL auto_increment,
  body TEXT NOT NULL,
  titulo TEXT NOT NULL,
  criado_em DATETIME NOT NULL,
  topicoDoJogo_fkJogos INT NOT NULL,
  topicoDoJogo_fkTopicos INT NOT NULL,
  fkUsuario INT NOT NULL,
  PRIMARY KEY (id),
  INDEX fk_posts_topicoDoJogo1_idx (topicoDoJogo_fkJogos ASC, topicoDoJogo_fkTopicos ASC),
  INDEX fk_posts_usuario1_idx (fkUsuario ASC) ,
  CONSTRAINT fk_posts_topicoDoJogo1 FOREIGN KEY (topicoDoJogo_fkJogos , topicoDoJogo_fkTopicos) REFERENCES playersretreat.topicodojogo (fkJogos , fkTopicos),
  CONSTRAINT fk_posts_usuario1 FOREIGN KEY (fkUsuario) REFERENCES playersretreat.usuario (id));

CREATE TABLE  comentarios (
  id INT NOT NULL auto_increment,
  body TEXT NOT NULL,
  criado_em DATETIME NULL DEFAULT NULL,
  fkPosts INT NOT NULL,
  fkUsuario INT NOT NULL,
  PRIMARY KEY (id),
  INDEX fk_comentarios_posts1_idx (fkPosts ASC) ,
  INDEX fk_comentarios_usuario1_idx (fkUsuario ASC) ,
  CONSTRAINT fk_comentarios_posts1 FOREIGN KEY (fkPosts) REFERENCES playersretreat.posts (id),
  CONSTRAINT fk_comentarios_usuario1 FOREIGN KEY (fkUsuario) REFERENCES playersretreat.usuario (id));

CREATE TABLE  jogosusuario (
  fkUsuario INT NOT NULL,
  fkJogos INT NOT NULL,
  PRIMARY KEY (fkUsuario, fkJogos),
  INDEX fk_JogoDoUsuario_jogo1_idx (fkJogos ASC) ,
  INDEX fk_JogoDoUsuario_usuario1_idx (fkUsuario ASC) ,
  CONSTRAINT fk_JogoDoUsuario_jogo1 FOREIGN KEY (fkJogos) REFERENCES playersretreat.jogo (id),
  CONSTRAINT fk_JogoDoUsuario_usuario1 FOREIGN KEY (fkUsuario) REFERENCES playersretreat.usuario (id));

select * from jogo;
select * from topicodojogo order by fkjogos;
select * from usuario;

insert into jogo values
(1,	'Metin2'),
(2, 'Mu Online'),
(3,	'Tera'),
(4, 'New World'),
(5,	'Albion Online');

insert into topicos values
(null, 'Builds'),
(null, 'Crafting'),
(null, 'Farms'),
(null, 'Quests'),
(null, 'Tips'),
(null, 'Guides'),
(null, 'Others');

insert into topicodojogo values
(1,	1),
(2,	1),
(3,	1),
(4,	1),
(5,	1),
(2,	2),
(4,	2),
(5,	2),
(1,	3),
(2,	3),
(3,	3),
(4,	3),
(5,	3),
(1,	4),
(2,	4),
(3,	4),
(4,	4),
(5,	4),
(1,	5),
(2,	5),
(3,	5),
(4,	5),
(5,	5),
(1,	6),
(2,	6),
(3,	6),
(4,	6),
(5,	6),
(1,	7),
(2,	7),
(3,	7),
(4,	7),
(5,	7);

INSERT INTO usuario (login, email, senha) VALUES
('RogueAssassin', 'rogueassassin@email.com', 'senha123'),
('MageOfDarkness', 'mageofdarkness@email.com', 'senha456'),
('HolyPaladin', 'holypaladin@email.com', 'senha789'),
('Beastmaster', 'beastmaster@email.com', 'senhaabc'),
('ShadowPriest', 'shadowpriest@email.com', 'senhaxyz'),
('WarriorKing', 'warriorking@email.com', 'senha123'),
('SorceressQueen', 'sorceressqueen@email.com', 'senha456'),
('RangerArcher', 'rangerarcher@email.com', 'senha789'),
('MageWarlock', 'magewarlock@email.com', 'senhaabc'),
('KnightCrusader', 'knightcrusader@email.com', 'senhaxyz'),
('Nightblade', 'nightblade@email.com', 'senha123'),
('ArcaneMage', 'arcanemage@email.com', 'senha456'),
('DemonHunter', 'demonhunter@email.com', 'senha789'),
('DruidShapeshifter', 'druidshapeshifter@email.com', 'senhaabc'),
('PaladinGuardian', 'palinguardian@email.com', 'senhaxyz'),
('NecromancerLord', 'necromancerlord@email.com', 'senha123'),
('BardSongweaver', 'bardsongweaver@email.com', 'senha456'),
('WarlockSorcerer', 'warlocksorcerer@email.com', 'senha789'),
('SamuraiWarrior', 'samuraiwarrior@email.com', 'senhaabc'),
('PriestHealer', 'priesthealer@email.com', 'senhaxyz');

INSERT INTO posts (body, titulo, criado_em, topicoDoJogo_fkJogos, topicoDoJogo_fkTopicos, fkUsuario) VALUES
('Olá pessoal, estou procurando companheiros de equipe para explorar as masmorras no jogo Fantasia Épica. Alguém interessado?', 'Procurando Companheiros de Equipe para Masmorras', '2023-05-29 10:30:00', 1, 1, 1),
('Guia rápido de level up para iniciantes no jogo Reinos do Poder. Confira as melhores estratégias para subir de nível rapidamente!', 'Guia de Level Up para Iniciantes', '2023-05-30 15:45:00', 2, 2, 2),
('Compartilhando minha experiência de combate PvP no jogo Conquista Suprema. Vamos discutir as melhores táticas e classes para PvP!', 'Experiência de Combate PvP', '2023-05-31 19:20:00', 3, 3, 3),
('Estou organizando um evento de guilda no jogo Domínio Élfico. Todos estão convidados para participar! Vamos nos divertir juntos!', 'Evento de Guilda: Domínio Élfico', '2023-06-01 11:10:00', 4, 4, 4),
('Dicas e truques para farmar ouro rapidamente no jogo Tesouros Perdidos. Aumente sua riqueza com essas estratégias eficientes!', 'Guia de Farm de Ouro', '2023-06-02 09:00:00', 5, 5, 5),
('Compartilhando minha jornada como mago no jogo Terra Mística. Discuta sobre a construção de habilidades e dicas para magos!', 'Diário de um Mago', '2023-06-03 14:30:00', 1, 6, 6),
('Preciso de ajuda para completar uma missão difícil no jogo Templo Antigo. Alguém pode me dar algumas dicas?', 'Ajuda para Missão no Templo Antigo', '2023-06-04 17:15:00', 2, 7, 7),
('Melhores estratégias de cura para sacerdotes no jogo Divindade dos Reinos. Vamos compartilhar nossos conhecimentos de cura!', 'Guia de Cura para Sacerdotes', '2023-06-05 12:40:00', 1, 3, 8),
('Discussão sobre a melhor classe DPS no jogo Batalha Infinita. Quero ouvir a opinião de vocês sobre qual é a mais poderosa!', 'Melhor Classe DPS em Batalha Infinita', '2023-05-29 16:20:00', 2, 3, 9),
('Procurando uma guilda para participar no jogo Conquista dos Reinos. Tenho interesse em PvP e missões em grupo!', 'Procurando Guilda para PvP e Missões em Grupo', '2023-05-30 10:55:00', 3, 4, 10),
('Compartilhando minha estratégia de chefes de mundo no jogo Legado das Eras. Descubra como derrotar os chefes mais desafiadores!', 'Estratégia para Chefes de Mundo', '2023-05-31 13:30:00', 4, 5, 11),
('Dicas de construção de personagem para arqueiros no jogo Floresta das Sombras. Maximize seu dano com essa build poderosa!', 'Guia de Construção de Arqueiros', '2023-06-01 08:15:00', 5, 1, 12),
('Explorando as ruínas ancestrais no jogo Império Perdido. Vamos compartilhar nossas descobertas e teorias sobre essa área misteriosa!', 'Teorias sobre Ruínas Ancestrais', '2023-06-02 15:40:00', 1, 4, 13),
('Compartilhando minha jornada como cavaleiro no jogo Reinos Divinos. Vamos trocar dicas sobre a melhor armadura e habilidades de um cavaleiro!', 'Diário de um Cavaleiro', '2023-06-03 18:25:00', 2, 3, 14),
('Procurando um grupo para derrotar o chefe final no jogo Desafio Supremo. Juntos, seremos invencíveis!', 'Procurando Grupo para Derrotar Chefe Final', '2023-06-04 13:50:00', 1, 4, 15),
('Guia completo de crafting no jogo Alquimia Arcana. Aprenda a criar poções poderosas e itens mágicos!', 'Guia de Crafting: Alquimia Arcana', '2023-06-05 16:35:00', 2, 5, 16),
('Dicas avançadas para tanking no jogo Campeões da Arena. Seja o melhor tanque e proteja sua equipe!', 'Guia Avançado de Tanking', '2023-05-29 11:20:00', 3, 6, 17),
('Discussão sobre os melhores equipamentos de nível 60 no jogo Legado do Herói. Quais são os mais poderosos? Vamos debater!', 'Melhores Equipamentos de Nível 60', '2023-05-30 14:45:00', 4, 7, 18),
('Compartilhando minha história de conquistas no jogo Era dos Dragões. Vamos celebrar nossas vitórias juntos!', 'Histórias de Conquistas', '2023-05-31 17:30:00', 5, 1, 19),
('Discussão sobre as melhores estratégias de PvP no jogo Conflito Épico. Quem tem as táticas mais eficientes?', 'Melhores Estratégias de PvP', '2023-06-02 10:30:00', 1, 5, 1),
('Compartilhando minhas aventuras como arqueiro no jogo Reinos Sombrios. Vamos trocar dicas sobre arcos e flechas!', 'Diário de um Arqueiro', '2023-06-03 15:45:00', 2, 3, 2),
('Procurando um clã para participar no jogo Domínio Supremo. Quero fazer parte de uma comunidade unida!', 'Procurando Clã para Domínio Supremo', '2023-06-04 19:20:00', 3, 4, 3),
('Dicas para farmar materiais de encantamento no jogo Arte Arcana. Aumente o poder dos seus equipamentos!', 'Guia de Farm de Materiais de Encantamento', '2023-06-05 11:10:00', 4, 5, 4),
('Discussão sobre as melhores builds para magos no jogo Caminhos Místicos. Quais são as mais versáteis e poderosas?', 'Melhores Builds de Magos', '2023-06-05 09:00:00', 5, 1, 5),
('Compartilhando minha jornada como guerreiro no jogo Domínio das Espadas. Vamos discutir sobre habilidades e combos!', 'Diário de um Guerreiro', '2023-06-04 14:30:00', 1, 3, 6),
('Preciso de ajuda para completar uma missão em grupo no jogo Ruínas Antigas. Alguém se disponibiliza?', 'Ajuda para Missão em Grupo', '2023-06-02 17:15:00', 2, 3, 7),
('Dicas avançadas de cura para sacerdotes no jogo Sacrifício Divino. Aumente sua eficiência como suporte!', 'Guia Avançado de Cura para Sacerdotes', '2023-06-03 12:40:00', 1, 4, 8),
('Discussão sobre as melhores estratégias de combate corpo a corpo no jogo Lendas da Arena. Quem são os melhores lutadores?', 'Melhores Estratégias de Combate Corpo a Corpo', '2023-06-02 16:20:00', 2, 5, 9),
('Procurando um grupo para raids no jogo Conquista Épica. Vamos derrotar os chefes mais desafiadores juntos!', 'Procurando Grupo para Raids', '2023-06-03 10:55:00', 3, 6, 10),
('Compartilhando minha estratégia de chefes de mundo no jogo Legado dos Heróis. Descubra como derrotar os chefes mais poderosos!', 'Estratégia para Chefes de Mundo', '2023-06-04 13:30:00', 4, 7, 11),
('Dicas de construção de personagem para magos no jogo Magia Elemental. Maximize seu poder arcano com essa build!', 'Guia de Construção de Magos', '2023-06-05 08:15:00', 5, 1, 12),
('Explorando as terras selvagens no jogo Reinos da Aventura. Vamos compartilhar nossas descobertas sobre essa região!', 'Descobertas nas Terras Selvagens', '2023-06-05 15:40:00', 1, 3, 13),
('Compartilhando minha jornada como assassino no jogo Pacto das Sombras. Vamos trocar dicas sobre as melhores técnicas furtivas!', 'Diário de um Assassino', '2023-06-04 18:25:00', 2, 3, 14),
('Procurando parceiros para completar desafios no jogo Desafio Supremo. Juntos, superaremos qualquer obstáculo!', 'Procurando Parceiros para Desafios', '2023-06-02 13:50:00', 1, 4, 15),
('Guia completo de alquimia no jogo Alquimia Arcana. Aprenda a criar poções e poções mágicas poderosas!', 'Guia de Alquimia', '2023-06-03 16:35:00', 2, 5, 16),
('Dicas avançadas para tanking no jogo Campeões do Reino. Seja o tanque mais resistente do reino!', 'Guia Avançado de Tanking', '2023-06-02 11:20:00', 3, 6, 17),
('Discussão sobre os melhores equipamentos de nível 70 no jogo Legado dos Guerreiros. Quais são os mais épicos?', 'Melhores Equipamentos de Nível 70', '2023-06-03 14:45:00', 4, 7, 18),
('Compartilhando minhas histórias de aventura no jogo Heróis Perdidos. Vamos celebrar nossos feitos!', 'Histórias de Aventura', '2023-06-04 17:30:00', 5, 1, 19),
('Preciso de ajuda para completar uma missão épica no jogo Reinos Fantásticos. Alguém se habilita?', 'Ajuda para Missão Épica', '2023-06-05 10:30:00', 1, 3, 1),
('Compartilhando minhas estratégias de combate como arqueiro no jogo Reinos Celestiais. Vamos trocar dicas sobre arcos e habilidades!', 'Estratégias de Combate para Arqueiros', '2023-06-05 15:45:00', 2, 3, 2),
('Procurando um clã PvP competitivo no jogo Domínio Supremo. Sou um jogador dedicado em busca de desafios!', 'Procurando Clã PvP Competitivo', '2023-06-04 19:20:00', 3, 4, 3),
('Dicas de farm para materiais de forja no jogo Forjadores Lendários. Aprimore suas armas com os melhores materiais!', 'Guia de Farm de Materiais de Forja', '2023-06-02 11:10:00', 4, 5, 4),
('Discussão sobre as melhores builds de suporte no jogo Harmonia Divina. Quais são as mais eficientes para ajudar a equipe?', 'Melhores Builds de Suporte', '2023-06-03 09:00:00', 5, 1, 5),
('Compartilhando minha jornada como cavaleiro negro no jogo Domínio das Sombras. Vamos discutir sobre habilidades e equipamentos das trevas!', 'Diário de um Cavaleiro Negro', '2023-06-02 14:30:00', 3, 1, 6),
('Preciso de ajuda para completar um calabouço no jogo Labirinto dos Mistérios. Alguém se junta à minha busca por tesouros?', 'Ajuda para Calabouço', '2023-06-03 17:15:00', 4, 3, 7),
('Dicas avançadas de cura para druidas no jogo Essência da Natureza. Aumente sua eficácia como curandeiro da natureza!', 'Guia Avançado de Cura para Druidas', '2023-06-04 12:40:00', 1, 4, 8),
('Discussão sobre as melhores estratégias de combate corpo a corpo no jogo Arenas Mortais. Quem são os maiores guerreiros?', 'Melhores Estratégias de Combate Corpo a Corpo', '2023-06-05 16:20:00', 2, 5, 9),
('Procurando um grupo para desafios épicos no jogo Desafio Supremo. Juntos, superaremos todos os obstáculos!', 'Procurando Grupo para Desafios Épicos', '2023-06-05 10:55:00', 3, 6, 10),
('Compartilhando minhas estratégias de chefes de mundo no jogo Legado das Eras. Descubra como derrotar os chefes mais desafiadores!', 'Estratégia para Chefes de Mundo', '2023-06-04 13:30:00', 4, 7, 11),
('Dicas de construção de personagem para arqueiros no jogo Floresta das Sombras. Maximize seu dano com essa build poderosa!', 'Guia de Construção de Arqueiros', '2023-06-02 08:15:00', 5, 1, 12),
('Explorando as ruínas ancestrais no jogo Império Perdido. Vamos compartilhar nossas descobertas e teorias sobre essa área misteriosa!', 'Teorias sobre Ruínas Ancestrais', '2023-06-03 15:40:00', 3, 1, 13),
('Compartilhando minha jornada como cavaleiro no jogo Reinos Divinos. Vamos trocar dicas sobre a melhor armadura e habilidades de um cavaleiro!', 'Diário de um Cavaleiro', '2023-06-02 18:25:00', 4, 3, 14),
('Procurando um grupo para derrotar o chefe final no jogo Desafio Supremo. Juntos, alcançaremos a glória!', 'Procurando Grupo para Chefe Final', '2023-06-03 13:50:00', 1, 4, 15),
('Guia completo de alquimia mágica no jogo Alquimia Arcana. Aprenda a criar poções e elixires poderosos!', 'Guia de Alquimia Mágica', '2023-06-04 16:35:00', 2, 5, 16),
('Dicas avançadas para tanques no jogo Defensores do Reino. Seja o escudo mais resistente do reino!', 'Guia Avançado de Tanques', '2023-06-05 11:20:00', 3, 6, 17),
('Discussão sobre os melhores equipamentos lendários no jogo Legado dos Heróis. Quais são os mais épicos e poderosos?', 'Melhores Equipamentos Lendários', '2023-06-05 14:45:00', 4, 7, 18),
('Compartilhando minhas histórias de aventura no jogo Mundos Fantásticos. Vamos compartilhar nossos feitos e trocar experiências!', 'Histórias de Aventura', '2023-06-04 17:30:00', 5, 1, 19),
('Preciso de ajuda para completar uma missão lendária no jogo Legado dos Campeões. Alguém se habilita?', 'Ajuda para Missão Lendária', '2023-06-02 10:30:00', 1, 3, 1),
('Compartilhando minhas estratégias de combate como mago no jogo Magia Arcana. Vamos trocar dicas sobre magias e combos poderosos!', 'Estratégias de Combate para Magos', '2023-06-03 15:45:00', 2, 3, 2),
('Procurando um clã para PvP competitivo no jogo Domínio Supremo. Sou um jogador dedicado em busca de desafios!', 'Procurando Clã PvP Competitivo', '2023-06-02 19:20:00', 3, 4, 3),
('Dicas de farm para materiais de alquimia no jogo Alquimistas Místicos. Aprimore suas poções com os melhores ingredientes!', 'Guia de Farm de Materiais de Alquimia', '2023-06-03 11:10:00', 4, 5, 4),
('Discussão sobre as melhores builds de suporte no jogo Luz Divina. Quais são as mais eficientes para auxiliar a equipe?', 'Melhores Builds de Suporte', '2023-06-04 09:00:00', 5, 1, 5),
('Compartilhando minha jornada como assassino sombrio no jogo Pacto das Sombras. Vamos discutir sobre habilidades e técnicas de assassinato!', 'Diário de um Assassino Sombrio', '2023-06-05 14:30:00', 3, 1, 6),
('Preciso de ajuda para completar uma missão desafiadora no jogo Labirinto dos Desafios. Alguém se junta à minha busca por glória?', 'Ajuda para Missão Desafiadora', '2023-06-05 17:15:00', 4, 3, 7),
('Dicas avançadas de cura para xamãs no jogo Espírito da Natureza. Aumente sua eficácia como curandeiro espiritual!', 'Guia Avançado de Cura para Xamãs', '2023-06-04 12:40:00', 1, 4, 8),
('Discussão sobre as melhores estratégias de combate à distância no jogo Arqueiros Destemidos. Quem são os melhores arqueiros do reino?', 'Melhores Estratégias de Combate à Distância', '2023-06-02 16:20:00', 2, 5, 9),
('Procurando um grupo para desafios épicos no jogo Desafio Supremo. Juntos, superaremos todos os obstáculos!', 'Procurando Grupo para Desafios Épicos', '2023-06-03 10:55:00', 3, 6, 10),
('Compartilhando minhas estratégias de chefes de mundo no jogo Legado dos Heróis. Descubra como derrotar os chefes mais desafiadores!', 'Estratégia para Chefes de Mundo', '2023-06-02 13:30:00', 4, 7, 11),
('Dicas de construção de personagem para guerreiros no jogo Caminhos da Guerra. Maximize sua força com essa build!', 'Guia de Construção de Guerreiros', '2023-06-03 08:15:00', 5, 1, 12),
('Explorando as terras místicas no jogo Reinos Mágicos. Vamos compartilhar nossas descobertas sobre essa região enigmática!', 'Descobertas nas Terras Místicas', '2023-06-04 15:40:00', 1, 3, 13),
('Compartilhando minha jornada como paladino no jogo Reinos Sagrados. Vamos trocar dicas sobre a melhor armadura e habilidades de um paladino!', 'Diário de um Paladino', '2023-06-05 18:25:00', 5, 3, 14),
('Procurando um grupo para enfrentar o desafio final no jogo Desafio Supremo. Juntos, alcançaremos a vitória!', 'Procurando Grupo para Desafio Final', '2023-06-05 13:50:00', 1, 4, 15),
('Guia completo de alquimia mística no jogo Alquimia Arcana. Aprenda a criar poções e elixires mágicos poderosos!', 'Guia de Alquimia Mística', '2023-06-04 16:35:00', 2, 5, 16),
('Dicas avançadas para tanques no jogo Defensores do Reino. Seja o escudo mais resistente do reino!', 'Guia Avançado de Tanques', '2023-06-02 11:20:00', 3, 6, 17),
('Discussão sobre os melhores equipamentos lendários no jogo Legado dos Heróis. Quais são os mais épicos e poderosos?', 'Melhores Equipamentos Lendários', '2023-06-03 14:45:00', 4, 7, 18),
('Compartilhando minhas histórias de aventura no jogo Mundos Fantásticos. Vamos compartilhar nossos feitos e trocar experiências!', 'Histórias de Aventura', '2023-06-02 17:30:00', 5, 1, 19),
('Preciso de ajuda para completar uma missão lendária no jogo Legado dos Campeões. Alguém se habilita?', 'Ajuda para Missão Lendária', '2023-06-03 10:30:00', 1, 3, 1),
('Compartilhando minhas estratégias de combate como mago no jogo Magia Arcana. Vamos trocar dicas sobre magias e combos poderosos!', 'Estratégias de Combate para Magos', '2023-06-04 15:45:00', 2, 3, 2),
('Procurando um clã para PvP competitivo no jogo Domínio Supremo. Sou um jogador dedicado em busca de desafios!', 'Procurando Clã PvP Competitivo', '2023-06-05 19:20:00', 3, 4, 3),
('Dicas de farm para materiais de alquimia no jogo Alquimistas Místicos. Aprimore suas poções com os melhores ingredientes!', 'Guia de Farm de Materiais de Alquimia', '2023-06-05 11:10:00', 4, 5, 4),
('Discussão sobre as melhores builds de suporte no jogo Luz Divina. Quais são as mais eficientes para auxiliar a equipe?', 'Melhores Builds de Suporte', '2023-06-04 09:00:00', 5, 1, 5),
('Compartilhando minha jornada como assassino sombrio no jogo Pacto das Sombras. Vamos discutir sobre habilidades e técnicas de assassinato!', 'Diário de um Assassino Sombrio', '2023-06-02 14:30:00', 1, 3, 6),
('Preciso de ajuda para completar uma missão desafiadora no jogo Labirinto dos Desafios. Alguém se junta à minha busca por glória?', 'Ajuda para Missão Desafiadora', '2023-06-03 17:15:00', 5, 3, 7),
('Dicas avançadas de cura para xamãs no jogo Espírito da Natureza. Aumente sua eficácia como curandeiro espiritual!', 'Guia Avançado de Cura para Xamãs', '2023-06-04 12:40:00', 1, 4, 8),
('Discussão sobre as melhores estratégias de combate à distância no jogo Arqueiros Destemidos. Quem são os melhores arqueiros do reino?', 'Melhores Estratégias de Combate à Distância', '2023-06-05 16:20:00', 2, 5, 9),
('Procurando um grupo para desafios épicos no jogo Desafio Supremo. Juntos, superaremos todos os obstáculos!', 'Procurando Grupo para Desafios Épicos', '2023-06-05 10:55:00', 3, 6, 10),
('Compartilhando minhas estratégias de chefes de mundo no jogo Legado dos Heróis. Descubra como derrotar os chefes mais desafiadores!', 'Estratégia para Chefes de Mundo', '2023-06-04 13:30:00', 4, 7, 11),
('Dicas de construção de personagem para guerreiros no jogo Caminhos da Guerra. Maximize sua força com essa build!', 'Guia de Construção de Guerreiros', '2023-06-02 08:15:00', 5, 1, 12),
('Explorando as terras místicas no jogo Reinos Mágicos. Vamos compartilhar nossas descobertas sobre essa região enigmática!', 'Descobertas nas Terras Místicas', '2023-06-03 15:40:00', 2, 2, 13),
('Compartilhando minha jornada como paladino no jogo Reinos Sagrados. Vamos trocar dicas sobre a melhor armadura e habilidades de um paladino!', 'Diário de um Paladino', '2023-06-02 18:25:00', 4, 3, 14),
('Procurando um grupo para enfrentar o desafio final no jogo Desafio Supremo. Juntos, alcançaremos a vitória!', 'Procurando Grupo para Desafio Final', '2023-06-03 13:50:00', 1, 4, 15),
('Guia completo de alquimia mística no jogo Alquimia Arcana. Aprenda a criar poções e elixires mágicos poderosos!', 'Guia de Alquimia Mística', '2023-06-04 16:35:00', 2, 5, 16),
('Dicas avançadas para tanques no jogo Defensores do Reino. Seja o escudo mais resistente do reino!', 'Guia Avançado de Tanques', '2023-06-05 11:20:00', 3, 6, 17),
('Discussão sobre os melhores equipamentos lendários no jogo Legado dos Heróis. Quais são os mais épicos e poderosos?', 'Melhores Equipamentos Lendários', '2023-06-05 14:45:00', 4, 7, 18),
('Compartilhando minhas histórias de aventura no jogo Mundos Fantásticos. Vamos compartilhar nossos feitos e trocar experiências!', 'Histórias de Aventura', '2023-06-04 17:30:00', 5, 1, 19),
('Preciso de ajuda para completar uma missão lendária no jogo Legado dos Campeões. Alguém se habilita?', 'Ajuda para Missão Lendária', '2023-06-02 10:30:00', 1, 3, 1),
('Compartilhando minhas estratégias de combate como mago no jogo Magia Arcana. Vamos trocar dicas sobre magias e combos poderosos!', 'Estratégias de Combate para Magos', '2023-06-03 15:45:00', 2, 3, 2),
('Procurando um clã para PvP competitivo no jogo Domínio Supremo. Sou um jogador dedicado em busca de desafios!', 'Procurando Clã PvP Competitivo', '2023-06-02 19:20:00', 3, 4, 3),
('Dicas de farm para materiais de alquimia no jogo Alquimistas Místicos. Aprimore suas poções com os melhores ingredientes!', 'Guia de Farm de Materiais de Alquimia', '2023-06-03 11:10:00', 4, 5, 4),
('Discussão sobre as melhores builds de suporte no jogo Luz Divina. Quais são as mais eficientes para auxiliar a equipe?', 'Melhores Builds de Suporte', '2023-06-04 09:00:00', 5, 1, 5),
('Compartilhando minha jornada como assassino sombrio no jogo Pacto das Sombras. Vamos discutir sobre habilidades e técnicas de assassinato!', 'Diário de um Assassino Sombrio', '2023-06-05 14:30:00', 2, 2, 6),
('Preciso de ajuda para completar uma missão desafiadora no jogo Labirinto dos Desafios. Alguém se junta à minha busca por glória?', 'Ajuda para Missão Desafiadora', '2023-06-05 17:15:00', 4, 3, 7),
('Dicas avançadas de cura para xamãs no jogo Espírito da Natureza. Aumente sua eficácia como curandeiro espiritual!', 'Guia Avançado de Cura para Xamãs', '2023-06-04 12:40:00', 1, 4, 8),
('Discussão sobre as melhores estratégias de combate à distância no jogo Arqueiros Destemidos. Quem são os melhores arqueiros do reino?', 'Melhores Estratégias de Combate à Distância', '2023-06-02 16:20:00', 2, 5, 9),
('Procurando um grupo para desafios épicos no jogo Desafio Supremo. Juntos, superaremos todos os obstáculos!', 'Procurando Grupo para Desafios Épicos', '2023-06-03 10:55:00', 3, 6, 10),
('Compartilhando minhas estratégias de chefes de mundo no jogo Legado dos Heróis. Descubra como derrotar os chefes mais desafiadores!', 'Estratégia para Chefes de Mundo', '2023-06-02 13:30:00', 4, 7, 11),
('Dicas de construção de personagem para guerreiros no jogo Caminhos da Guerra. Maximize sua força com essa build!', 'Guia de Construção de Guerreiros', '2023-06-03 08:15:00', 5, 1, 12),
('Explorando as terras místicas no jogo Reinos Mágicos. Vamos compartilhar nossas descobertas sobre essa região enigmática!', 'Descobertas nas Terras Místicas', '2023-06-04 15:40:00', 3, 1, 13),
('Compartilhando minha jornada como paladino no jogo Reinos Sagrados. Vamos trocar dicas sobre a melhor armadura e habilidades de um paladino!', 'Diário de um Paladino', '2023-06-05 18:25:00', 3, 3, 14),
('Procurando um grupo para enfrentar o desafio final no jogo Desafio Supremo. Juntos, alcançaremos a vitória!', 'Procurando Grupo para Desafio Final', '2023-06-05 13:50:00', 1, 4, 15),
('Guia completo de alquimia mística no jogo Alquimia Arcana. Aprenda a criar poções e elixires mágicos poderosos!', 'Guia de Alquimia Mística', '2023-06-04 16:35:00', 2, 5, 16),
('Dicas avançadas para tanques no jogo Defensores do Reino. Seja o escudo mais resistente do reino!', 'Guia Avançado de Tanques', '2023-06-02 11:20:00', 3, 6, 17),
('Discussão sobre os melhores equipamentos lendários no jogo Legado dos Heróis. Quais são os mais épicos e poderosos?', 'Melhores Equipamentos Lendários', '2023-06-03 14:45:00', 4, 7, 18),
('Compartilhando minhas histórias de aventura no jogo Mundos Fantásticos. Vamos compartilhar nossos feitos e trocar experiências!', 'Histórias de Aventura', '2023-06-02 17:30:00', 5, 1, 19),
('Preciso de ajuda para completar uma missão lendária no jogo Legado dos Campeões. Alguém se habilita?', 'Ajuda para Missão Lendária', '2023-06-03 10:30:00', 1, 3, 1),
('Compartilhando minhas estratégias de combate como mago no jogo Magia Arcana. Vamos trocar dicas sobre magias e combos poderosos!', 'Estratégias de Combate para Magos', '2023-06-04 15:45:00', 2, 3, 2),
('Procurando um clã para PvP competitivo no jogo Domínio Supremo. Sou um jogador dedicado em busca de desafios!', 'Procurando Clã PvP Competitivo', '2023-06-05 19:20:00', 3, 4, 3),
('Dicas de farm para materiais de alquimia no jogo Alquimistas Místicos. Aprimore suas poções com os melhores ingredientes!', 'Guia de Farm de Materiais de Alquimia', '2023-06-05 11:10:00', 4, 5, 4),
('Discussão sobre as melhores builds de suporte no jogo Luz Divina. Quais são as mais eficientes para auxiliar a equipe?', 'Melhores Builds de Suporte', '2023-06-04 09:00:00', 5, 1, 5),
('Compartilhando minha jornada como assassino sombrio no jogo Pacto das Sombras. Vamos discutir sobre habilidades e técnicas de assassinato!', 'Diário de um Assassino Sombrio', '2023-06-02 14:30:00', 2, 2, 6),
('Preciso de ajuda para completar uma missão desafiadora no jogo Labirinto dos Desafios. Alguém se junta à minha busca por glória?', 'Ajuda para Missão Desafiadora', '2023-06-03 17:15:00', 4, 3, 7),
('Dicas avançadas de cura para xamãs no jogo Espírito da Natureza. Aumente sua eficácia como curandeiro espiritual!', 'Guia Avançado de Cura para Xamãs', '2023-06-04 12:40:00', 1, 4, 8),
('Discussão sobre as melhores estratégias de combate à distância no jogo Arqueiros Destemidos. Quem são os melhores arqueiros do reino?', 'Melhores Estratégias de Combate à Distância', '2023-06-05 16:20:00', 2, 5, 9),
('Procurando um grupo para desafios épicos no jogo Desafio Supremo. Juntos, superaremos todos os obstáculos!', 'Procurando Grupo para Desafios Épicos', '2023-06-05 10:55:00', 3, 6, 10),
('Compartilhando minhas estratégias de chefes de mundo no jogo Legado dos Heróis. Descubra como derrotar os chefes mais desafiadores!', 'Estratégia para Chefes de Mundo', '2023-06-04 13:30:00', 4, 7, 11),
('Dicas de construção de personagem para guerreiros no jogo Caminhos da Guerra. Maximize sua força com essa build!', 'Guia de Construção de Guerreiros', '2023-06-02 08:15:00', 5, 1, 12),
('Explorando as terras místicas no jogo Reinos Mágicos. Vamos compartilhar nossas descobertas sobre essa região enigmática!', 'Descobertas nas Terras Místicas', '2023-06-03 15:40:00', 5, 2, 13),
('Compartilhando minha jornada como paladino no jogo Reinos Sagrados. Vamos trocar dicas sobre a melhor armadura e habilidades de um paladino!', 'Diário de um Paladino', '2023-06-02 18:25:00', 5, 3, 14),
('Procurando um grupo para enfrentar o desafio final no jogo Desafio Supremo. Juntos, alcançaremos a vitória!', 'Procurando Grupo para Desafio Final', '2023-06-03 13:50:00', 1, 4, 15),
('Guia completo de alquimia mística no jogo Alquimia Arcana. Aprenda a criar poções e elixires mágicos poderosos!', 'Guia de Alquimia Mística', '2023-06-04 16:35:00', 2, 5, 16),
('Dicas avançadas para tanques no jogo Defensores do Reino. Seja o escudo mais resistente do reino!', 'Guia Avançado de Tanques', '2023-06-05 11:20:00', 3, 6, 17),
('Discussão sobre os melhores equipamentos lendários no jogo Legado dos Heróis. Quais são os mais épicos e poderosos?', 'Melhores Equipamentos Lendários', '2023-06-05 14:45:00', 4, 7, 18),
('Compartilhando minhas histórias de aventura no jogo Mundos Fantásticos. Vamos compartilhar nossos feitos e trocar experiências!', 'Histórias de Aventura', '2023-06-04 17:30:00', 5, 1, 19),
('Preciso de ajuda para completar uma missão lendária no jogo Legado dos Campeões. Alguém se habilita?', 'Ajuda para Missão Lendária', '2023-06-02 10:30:00', 1, 3, 1),
('Compartilhando minhas estratégias de combate como mago no jogo Magia Arcana. Vamos trocar dicas sobre magias e combos poderosos!', 'Estratégias de Combate para Magos', '2023-06-03 15:45:00', 2, 3, 2),
('Procurando um clã para PvP competitivo no jogo Domínio Supremo. Sou um jogador dedicado em busca de desafios!', 'Procurando Clã PvP Competitivo', '2023-06-02 19:20:00', 3, 4, 3),
('Dicas de farm para materiais de alquimia no jogo Alquimistas Místicos. Aprimore suas poções com os melhores ingredientes!', 'Guia de Farm de Materiais de Alquimia', '2023-06-03 11:10:00', 4, 5, 4),
('Discussão sobre as melhores builds de suporte no jogo Luz Divina. Quais são as mais eficientes para auxiliar a equipe?', 'Melhores Builds de Suporte', '2023-06-04 09:00:00', 5, 1, 5),
('Compartilhando minha jornada como assassino sombrio no jogo Pacto das Sombras. Vamos discutir sobre habilidades e técnicas de assassinato!', 'Diário de um Assassino Sombrio', '2023-06-05 14:30:00', 1, 3, 6),
('Preciso de ajuda para completar uma missão desafiadora no jogo Labirinto dos Desafios. Alguém se junta à minha busca por glória?', 'Ajuda para Missão Desafiadora', '2023-06-05 17:15:00', 5, 3, 7),
('Dicas avançadas de cura para xamãs no jogo Espírito da Natureza. Aumente sua eficácia como curandeiro espiritual!', 'Guia Avançado de Cura para Xamãs', '2023-06-04 12:40:00', 1, 4, 8),
('Discussão sobre as melhores estratégias de combate à distância no jogo Arqueiros Destemidos. Quem são os melhores arqueiros do reino?', 'Melhores Estratégias de Combate à Distância', '2023-06-02 16:20:00', 2, 5, 9),
('Procurando um grupo para desafios épicos no jogo Desafio Supremo. Juntos, superaremos todos os obstáculos!', 'Procurando Grupo para Desafios Épicos', '2023-06-03 10:55:00', 3, 6, 10),
('Compartilhando minhas estratégias de chefes de mundo no jogo Legado dos Heróis. Descubra como derrotar os chefes mais desafiadores!', 'Estratégia para Chefes de Mundo', '2023-06-02 13:30:00', 4, 7, 11),
('Dicas de construção de personagem para guerreiros no jogo Caminhos da Guerra. Maximize sua força com essa build!', 'Guia de Construção de Guerreiros', '2023-06-03 08:15:00', 5, 1, 12),
('Explorando as terras místicas no jogo Reinos Mágicos. Vamos compartilhar nossas descobertas sobre essa região enigmática!', 'Descobertas nas Terras Místicas', '2023-06-04 15:40:00', 3, 1, 13),
('Compartilhando minha jornada como paladino no jogo Reinos Sagrados. Vamos trocar dicas sobre a melhor armadura e habilidades de um paladino!', 'Diário de um Paladino', '2023-06-05 18:25:00', 4, 3, 14),
('Procurando um grupo para enfrentar o desafio final no jogo Desafio Supremo. Juntos, alcançaremos a vitória!', 'Procurando Grupo para Desafio Final', '2023-06-05 13:50:00', 1, 4, 15),
('Guia completo de alquimia mística no jogo Alquimia Arcana. Aprenda a criar poções e elixires mágicos poderosos!', 'Guia de Alquimia Mística', '2023-06-04 16:35:00', 2, 5, 16),
('Dicas avançadas para tanques no jogo Defensores do Reino. Seja o escudo mais resistente do reino!', 'Guia Avançado de Tanques', '2023-06-02 11:20:00', 3, 6, 17),
('Discussão sobre os melhores equipamentos lendários no jogo Legado dos Heróis. Quais são os mais épicos e poderosos?', 'Melhores Equipamentos Lendários', '2023-06-03 14:45:00', 4, 7, 18),
('Compartilhando minhas histórias de aventura no jogo Mundos Fantásticos. Vamos compartilhar nossos feitos e trocar experiências!', 'Histórias de Aventura', '2023-06-02 17:30:00', 5, 1, 19),
('Preciso de ajuda para completar uma missão lendária no jogo Legado dos Campeões. Alguém se habilita?', 'Ajuda para Missão Lendária', '2023-06-03 10:30:00', 1, 3, 1),
('Compartilhando minhas estratégias de combate como mago no jogo Magia Arcana. Vamos trocar dicas sobre magias e combos poderosos!', 'Estratégias de Combate para Magos', '2023-06-04 15:45:00', 2, 3, 2),
('Procurando um clã para PvP competitivo no jogo Domínio Supremo. Sou um jogador dedicado em busca de desafios!', 'Procurando Clã PvP Competitivo', '2023-06-05 19:20:00', 3, 4, 3),
('Dicas de farm para materiais de alquimia no jogo Alquimistas Místicos. Aprimore suas poções com os melhores ingredientes!', 'Guia de Farm de Materiais de Alquimia', '2023-06-05 11:10:00', 4, 5, 4),
('Discussão sobre as melhores builds de suporte no jogo Luz Divina. Quais são as mais eficientes para auxiliar a equipe?', 'Melhores Builds de Suporte', '2023-06-04 09:00:00', 5, 1, 5),
('Compartilhando minha jornada como assassino sombrio no jogo Pacto das Sombras. Vamos discutir sobre habilidades e técnicas de assassinato!', 'Diário de um Assassino Sombrio', '2023-06-02 14:30:00', 4, 2, 6),
('Preciso de ajuda para completar uma missão desafiadora no jogo Labirinto dos Desafios. Alguém se junta à minha busca por glória?', 'Ajuda para Missão Desafiadora', '2023-06-03 17:15:00', 1, 3, 7),
('Dicas avançadas de cura para xamãs no jogo Espírito da Natureza. Aumente sua eficácia como curandeiro espiritual!', 'Guia Avançado de Cura para Xamãs', '2023-06-04 12:40:00', 1, 4, 8),
('Discussão sobre as melhores estratégias de combate à distância no jogo Arqueiros Destemidos. Quem são os melhores arqueiros do reino?', 'Melhores Estratégias de Combate à Distância', '2023-06-05 16:20:00', 2, 5, 9),
('Procurando um grupo para desafios épicos no jogo Desafio Supremo. Juntos, superaremos todos os obstáculos!', 'Procurando Grupo para Desafios Épicos', '2023-06-05 10:55:00', 3, 6, 10),
('Compartilhando minhas estratégias de chefes de mundo no jogo Legado dos Heróis. Descubra como derrotar os chefes mais desafiadores!', 'Estratégia para Chefes de Mundo', '2023-06-04 13:30:00', 4, 7, 11),
('Dicas de construção de personagem para guerreiros no jogo Caminhos da Guerra. Maximize sua força com essa build!', 'Guia de Construção de Guerreiros', '2023-06-02 08:15:00', 5, 1, 12),
('Explorando as terras místicas no jogo Reinos Mágicos. Vamos compartilhar nossas descobertas sobre essa região enigmática!', 'Descobertas nas Terras Místicas', '2023-06-03 15:40:00', 1, 3, 13),
('Compartilhando minha jornada como paladino no jogo Reinos Sagrados. Vamos trocar dicas sobre a melhor armadura e habilidades de um paladino!', 'Diário de um Paladino', '2023-06-02 18:25:00', 2, 3, 14),
('Procurando um grupo para enfrentar o desafio final no jogo Desafio Supremo. Juntos, alcançaremos a vitória!', 'Procurando Grupo para Desafio Final', '2023-06-03 13:50:00', 1, 4, 15),
('Guia completo de alquimia mística no jogo Alquimia Arcana. Aprenda a criar poções e elixires mágicos poderosos!', 'Guia de Alquimia Mística', '2023-06-04 16:35:00', 2, 5, 16),
('Dicas avançadas para tanques no jogo Defensores do Reino. Seja o escudo mais resistente do reino!', 'Guia Avançado de Tanques', '2023-06-05 11:20:00', 3, 6, 17),
('Discussão sobre os melhores equipamentos lendários no jogo Legado dos Heróis. Quais são os mais épicos e poderosos?', 'Melhores Equipamentos Lendários', '2023-06-05 14:45:00', 4, 7, 18),
('Compartilhando minhas histórias de aventura no jogo Mundos Fantásticos. Vamos compartilhar nossos feitos e trocar experiências!', 'Histórias de Aventura', '2023-06-04 17:30:00', 5, 1, 19),
('Preciso de ajuda para completar uma missão lendária no jogo Legado dos Campeões. Alguém se habilita?', 'Ajuda para Missão Lendária', '2023-06-02 10:30:00', 1, 3, 1),
('Compartilhando minhas estratégias de combate como mago no jogo Magia Arcana. Vamos trocar dicas sobre magias e combos poderosos!', 'Estratégias de Combate para Magos', '2023-06-03 15:45:00', 2, 3, 2),
('Procurando um clã para PvP competitivo no jogo Domínio Supremo. Sou um jogador dedicado em busca de desafios!', 'Procurando Clã PvP Competitivo', '2023-06-02 19:20:00', 3, 4, 3),
('Dicas de farm para materiais de alquimia no jogo Alquimistas Místicos. Aprimore suas poções com os melhores ingredientes!', 'Guia de Farm de Materiais de Alquimia', '2023-06-03 11:10:00', 4, 5, 4),
('Discussão sobre as melhores builds de suporte no jogo Luz Divina. Quais são as mais eficientes para auxiliar a equipe?', 'Melhores Builds de Suporte', '2023-06-04 09:00:00', 5, 1, 5),
('Compartilhando minha jornada como assassino sombrio no jogo Pacto das Sombras. Vamos discutir sobre habilidades e técnicas de assassinato!', 'Diário de um Assassino Sombrio', '2023-06-05 14:30:00', 2, 2, 6),
('Preciso de ajuda para completar uma missão desafiadora no jogo Labirinto dos Desafios. Alguém se junta à minha busca por glória?', 'Ajuda para Missão Desafiadora', '2023-06-05 17:15:00', 3, 3, 7),
('Dicas avançadas de cura para xamãs no jogo Espírito da Natureza. Aumente sua eficácia como curandeiro espiritual!', 'Guia Avançado de Cura para Xamãs', '2023-06-04 12:40:00', 1, 4, 8),
('Discussão sobre as melhores estratégias de combate à distância no jogo Arqueiros Destemidos. Quem são os melhores arqueiros do reino?', 'Melhores Estratégias de Combate à Distância', '2023-06-02 16:20:00', 2, 5, 9),
('Procurando um grupo para desafios épicos no jogo Desafio Supremo. Juntos, superaremos todos os obstáculos!', 'Procurando Grupo para Desafios Épicos', '2023-06-03 10:55:00', 3, 6, 10),
('Compartilhando minhas estratégias de chefes de mundo no jogo Legado dos Heróis. Descubra como derrotar os chefes mais desafiadores!', 'Estratégia para Chefes de Mundo', '2023-06-02 13:30:00', 4, 7, 11),
('Dicas de construção de personagem para guerreiros no jogo Caminhos da Guerra. Maximize sua força com essa build!', 'Guia de Construção de Guerreiros', '2023-06-03 08:15:00', 5, 1, 12),
('Explorando as terras místicas no jogo Reinos Mágicos. Vamos compartilhar nossas descobertas sobre essa região enigmática!', 'Descobertas nas Terras Místicas', '2023-06-04 15:40:00', 3, 1, 13),
('Compartilhando minha jornada como paladino no jogo Reinos Sagrados. Vamos trocar dicas sobre a melhor armadura e habilidades de um paladino!', 'Diário de um Paladino', '2023-06-05 18:25:00', 4, 3, 14),
('Procurando um grupo para enfrentar o desafio final no jogo Desafio Supremo. Juntos, alcançaremos a vitória!', 'Procurando Grupo para Desafio Final', '2023-06-05 13:50:00', 1, 4, 15),
('Guia completo de alquimia mística no jogo Alquimia Arcana. Aprenda a criar poções e elixires mágicos poderosos!', 'Guia de Alquimia Mística', '2023-06-04 16:35:00', 2, 5, 16),
('Dicas avançadas para tanques no jogo Defensores do Reino. Seja o escudo mais resistente do reino!', 'Guia Avançado de Tanques', '2023-06-02 11:20:00', 3, 6, 17),
('Discussão sobre os melhores equipamentos lendários no jogo Legado dos Heróis. Quais são os mais épicos e poderosos?', 'Melhores Equipamentos Lendários', '2023-06-03 14:45:00', 4, 7, 18),
('Compartilhando minhas histórias de aventura no jogo Mundos Fantásticos. Vamos compartilhar nossos feitos e trocar experiências!', 'Histórias de Aventura', '2023-06-02 17:30:00', 5, 1, 19),
('Preciso de ajuda para completar uma missão lendária no jogo Legado dos Campeões. Alguém se habilita?', 'Ajuda para Missão Lendária', '2023-06-03 10:30:00', 1, 3, 1),
('Compartilhando minhas estratégias de combate como mago no jogo Magia Arcana. Vamos trocar dicas sobre magias e combos poderosos!', 'Estratégias de Combate para Magos', '2023-06-04 15:45:00', 2, 3, 2),
('Procurando um clã para PvP competitivo no jogo Domínio Supremo. Sou um jogador dedicado em busca de desafios!', 'Procurando Clã PvP Competitivo', '2023-06-05 19:20:00', 3, 4, 3),
('Dicas de farm para materiais de alquimia no jogo Alquimistas Místicos. Aprimore suas poções com os melhores ingredientes!', 'Guia de Farm de Materiais de Alquimia', '2023-06-05 11:10:00', 4, 5, 4),
('Discussão sobre as melhores builds de suporte no jogo Luz Divina. Quais são as mais eficientes para auxiliar a equipe?', 'Melhores Builds de Suporte', '2023-06-04 09:00:00', 5, 1, 5),
('Compartilhando minha jornada como assassino sombrio no jogo Pacto das Sombras. Vamos discutir sobre habilidades e técnicas de assassinato!', 'Diário de um Assassino Sombrio', '2023-06-02 14:30:00', 3, 1, 6),
('Preciso de ajuda para completar uma missão desafiadora no jogo Labirinto dos Desafios. Alguém se junta à minha busca por glória?', 'Ajuda para Missão Desafiadora', '2023-06-03 17:15:00', 4, 3, 7),
('Dicas avançadas de cura para xamãs no jogo Espírito da Natureza. Aumente sua eficácia como curandeiro espiritual!', 'Guia Avançado de Cura para Xamãs', '2023-06-04 12:40:00', 1, 4, 8),
('Discussão sobre as melhores estratégias de combate à distância no jogo Arqueiros Destemidos. Quem são os melhores arqueiros do reino?', 'Melhores Estratégias de Combate à Distância', '2023-06-05 16:20:00', 2, 5, 9),
('Procurando um grupo para desafios épicos no jogo Desafio Supremo. Juntos, superaremos todos os obstáculos!', 'Procurando Grupo para Desafios Épicos', '2023-06-05 10:55:00', 3, 6, 10),
('Compartilhando minhas estratégias de chefes de mundo no jogo Legado dos Heróis. Descubra como derrotar os chefes mais desafiadores!', 'Estratégia para Chefes de Mundo', '2023-06-04 13:30:00', 4, 7, 11),
('Dicas de construção de personagem para guerreiros no jogo Caminhos da Guerra. Maximize sua força com essa build!', 'Guia de Construção de Guerreiros', '2023-06-02 08:15:00', 5, 1, 12),
('Explorando as terras místicas no jogo Reinos Mágicos. Vamos compartilhar nossas descobertas sobre essa região enigmática!', 'Descobertas nas Terras Místicas', '2023-06-03 15:40:00', 4, 2, 13),
('Compartilhando minha jornada como paladino no jogo Reinos Sagrados. Vamos trocar dicas sobre a melhor armadura e habilidades de um paladino!', 'Diário de um Paladino', '2023-06-02 18:25:00', 5, 3, 14),
('Procurando um grupo para enfrentar o desafio final no jogo Desafio Supremo. Juntos, alcançaremos a vitória!', 'Procurando Grupo para Desafio Final', '2023-06-03 13:50:00', 1, 4, 15),
('Guia completo de alquimia mística no jogo Alquimia Arcana. Aprenda a criar poções e elixires mágicos poderosos!', 'Guia de Alquimia Mística', '2023-06-04 16:35:00', 2, 5, 16),
('Dicas avançadas para tanques no jogo Defensores do Reino. Seja o escudo mais resistente do reino!', 'Guia Avançado de Tanques', '2023-06-05 11:20:00', 3, 6, 17),
('Discussão sobre os melhores equipamentos lendários no jogo Legado dos Heróis. Quais são os mais épicos e poderosos?', 'Melhores Equipamentos Lendários', '2023-06-05 14:45:00', 4, 7, 18),
('Compartilhando minhas histórias de aventura no jogo Mundos Fantásticos. Vamos compartilhar nossos feitos e trocar experiências!', 'Histórias de Aventura', '2023-06-04 17:30:00', 5, 1, 19),
('Preciso de ajuda para completar uma missão lendária no jogo Legado dos Campeões. Alguém se habilita?', 'Ajuda para Missão Lendária', '2023-06-02 10:30:00', 1, 3, 1),
('Compartilhando minhas estratégias de combate como mago no jogo Magia Arcana. Vamos trocar dicas sobre magias e combos poderosos!', 'Estratégias de Combate para Magos', '2023-06-03 15:45:00', 2, 3, 2),
('Procurando um clã para PvP competitivo no jogo Domínio Supremo. Sou um jogador dedicado em busca de desafios!', 'Procurando Clã PvP Competitivo', '2023-06-02 19:20:00', 3, 4, 3),
('Dicas de farm para materiais de alquimia no jogo Alquimistas Místicos. Aprimore suas poções com os melhores ingredientes!', 'Guia de Farm de Materiais de Alquimia', '2023-06-03 11:10:00', 4, 5, 4),
('Discussão sobre as melhores builds de suporte no jogo Luz Divina. Quais são as mais eficientes para auxiliar a equipe?', 'Melhores Builds de Suporte', '2023-06-04 09:00:00', 5, 1, 5),
('Compartilhando minha jornada como assassino sombrio no jogo Pacto das Sombras. Vamos discutir sobre habilidades e técnicas de assassinato!', 'Diário de um Assassino Sombrio', '2023-06-05 14:30:00', 5, 2, 6),
('Preciso de ajuda para completar uma missão desafiadora no jogo Labirinto dos Desafios. Alguém se junta à minha busca por glória?', 'Ajuda para Missão Desafiadora', '2023-06-05 17:15:00', 1, 3, 7),
('Dicas avançadas de cura para xamãs no jogo Espírito da Natureza. Aumente sua eficácia como curandeiro espiritual!', 'Guia Avançado de Cura para Xamãs', '2023-06-04 12:40:00', 1, 4, 8),
('Discussão sobre as melhores estratégias de combate à distância no jogo Arqueiros Destemidos. Quem são os melhores arqueiros do reino?', 'Melhores Estratégias de Combate à Distância', '2023-06-02 16:20:00', 2, 5, 9),
('Procurando um grupo para desafios épicos no jogo Desafio Supremo. Juntos, superaremos todos os obstáculos!', 'Procurando Grupo para Desafios Épicos', '2023-06-03 10:55:00', 3, 6, 10),
('Compartilhando minhas estratégias de chefes de mundo no jogo Legado dos Heróis. Descubra como derrotar os chefes mais desafiadores!', 'Estratégia para Chefes de Mundo', '2023-06-02 13:30:00', 4, 7, 11),
('Dicas de construção de personagem para guerreiros no jogo Caminhos da Guerra. Maximize sua força com essa build!', 'Guia de Construção de Guerreiros', '2023-06-03 08:15:00', 5, 1, 12),
('Explorando as terras místicas no jogo Reinos Mágicos. Vamos compartilhar nossas descobertas sobre essa região enigmática!', 'Descobertas nas Terras Místicas', '2023-06-04 15:40:00', 1, 3, 13),
('Compartilhando minha jornada como paladino no jogo Reinos Sagrados. Vamos trocar dicas sobre a melhor armadura e habilidades de um paladino!', 'Diário de um Paladino', '2023-06-05 18:25:00', 2, 3, 14),
('Procurando um grupo para enfrentar o desafio final no jogo Desafio Supremo. Juntos, alcançaremos a vitória!', 'Procurando Grupo para Desafio Final', '2023-06-05 13:50:00', 1, 4, 15),
('Guia completo de alquimia mística no jogo Alquimia Arcana. Aprenda a criar poções e elixires mágicos poderosos!', 'Guia de Alquimia Mística', '2023-06-04 16:35:00', 2, 5, 16),
('Dicas avançadas para tanques no jogo Defensores do Reino. Seja o escudo mais resistente do reino!', 'Guia Avançado de Tanques', '2023-06-02 11:20:00', 3, 6, 17),
('Discussão sobre os melhores equipamentos lendários no jogo Legado dos Heróis. Quais são os mais épicos e poderosos?', 'Melhores Equipamentos Lendários', '2023-06-03 14:45:00', 4, 7, 18),
('Compartilhando minhas histórias de aventura no jogo Mundos Fantásticos. Vamos compartilhar nossos feitos e trocar experiências!', 'Histórias de Aventura', '2023-06-02 17:30:00', 5, 1, 19),
('Preciso de ajuda para completar uma missão lendária no jogo Legado dos Campeões. Alguém se habilita?', 'Ajuda para Missão Lendária', '2023-06-03 10:30:00', 1, 3, 1),
('Compartilhando minhas estratégias de combate como mago no jogo Magia Arcana. Vamos trocar dicas sobre magias e combos poderosos!', 'Estratégias de Combate para Magos', '2023-06-04 15:45:00', 2, 3, 2),
('Procurando um clã para PvP competitivo no jogo Domínio Supremo. Sou um jogador dedicado em busca de desafios!', 'Procurando Clã PvP Competitivo', '2023-06-05 19:20:00', 3, 4, 3),
('Dicas de farm para materiais de alquimia no jogo Alquimistas Místicos. Aprimore suas poções com os melhores ingredientes!', 'Guia de Farm de Materiais de Alquimia', '2023-06-05 11:10:00', 4, 5, 4),
('Discussão sobre as melhores builds de suporte no jogo Luz Divina. Quais são as mais eficientes para auxiliar a equipe?', 'Melhores Builds de Suporte', '2023-06-04 09:00:00', 5, 1, 5),
('Compartilhando minha jornada como assassino sombrio no jogo Pacto das Sombras. Vamos discutir sobre habilidades e técnicas de assassinato!', 'Diário de um Assassino Sombrio', '2023-06-02 14:30:00', 2, 2, 6),
('Preciso de ajuda para completar uma missão desafiadora no jogo Labirinto dos Desafios. Alguém se junta à minha busca por glória?', 'Ajuda para Missão Desafiadora', '2023-06-03 17:15:00', 3, 3, 7),
('Dicas avançadas de cura para xamãs no jogo Espírito da Natureza. Aumente sua eficácia como curandeiro espiritual!', 'Guia Avançado de Cura para Xamãs', '2023-06-04 12:40:00', 1, 4, 8),
('Discussão sobre as melhores estratégias de combate à distância no jogo Arqueiros Destemidos. Quem são os melhores arqueiros do reino?', 'Melhores Estratégias de Combate à Distância', '2023-06-05 16:20:00', 2, 5, 9),
('Procurando um grupo para desafios épicos no jogo Desafio Supremo. Juntos, superaremos todos os obstáculos!', 'Procurando Grupo para Desafios Épicos', '2023-06-05 10:55:00', 3, 6, 10),
('Compartilhando minhas estratégias de chefes de mundo no jogo Legado dos Heróis. Descubra como derrotar os chefes mais desafiadores!', 'Estratégia para Chefes de Mundo', '2023-06-04 13:30:00', 4, 7, 11),
('Dicas de construção de personagem para guerreiros no jogo Caminhos da Guerra. Maximize sua força com essa build!', 'Guia de Construção de Guerreiros', '2023-06-02 08:15:00', 5, 1, 12),
('Explorando as terras místicas no jogo Reinos Mágicos. Vamos compartilhar nossas descobertas sobre essa região enigmática!', 'Descobertas nas Terras Místicas', '2023-06-03 15:40:00', 3, 1, 13),
('Compartilhando minha jornada como paladino no jogo Reinos Sagrados. Vamos trocar dicas sobre a melhor armadura e habilidades de um paladino!', 'Diário de um Paladino', '2023-06-02 18:25:00', 4, 3, 14),
('Procurando um grupo para enfrentar o desafio final no jogo Desafio Supremo. Juntos, alcançaremos a vitória!', 'Procurando Grupo para Desafio Final', '2023-06-03 13:50:00', 1, 4, 15),
('Guia completo de alquimia mística no jogo Alquimia Arcana. Aprenda a criar poções e elixires mágicos poderosos!', 'Guia de Alquimia Mística', '2023-06-04 16:35:00', 2, 5, 16),
('Dicas avançadas para tanques no jogo Defensores do Reino. Seja o escudo mais resistente do reino!', 'Guia Avançado de Tanques', '2023-06-05 11:20:00', 3, 6, 17),
('Discussão sobre os melhores equipamentos lendários no jogo Legado dos Heróis. Quais são os mais épicos e poderosos?', 'Melhores Equipamentos Lendários', '2023-06-05 14:45:00', 4, 7, 18),
('Compartilhando minhas histórias de aventura no jogo Mundos Fantásticos. Vamos compartilhar nossos feitos e trocar experiências!', 'Histórias de Aventura', '2023-06-04 17:30:00', 5, 1, 19);

select * from posts;

INSERT INTO comentarios (body, criado_em, fkPosts, fkUsuario) VALUES
('Ótimo post! Suas dicas me ajudaram muito.', '2023-05-29 10:00:00', 1, 1),
('Concordo com você, essa estratégia realmente funciona bem.', '2023-05-30 14:30:00', 2, 2),
('Que história incrível! Fiquei empolgado para jogar também.', '2023-05-31 16:45:00', 3, 3),
('Preciso de ajuda nessa missão também. Alguém se oferece?', '2023-06-01 11:20:00', 4, 4),
('Adorei seu guia! Já estou ansioso para testar as dicas.', '2023-06-02 13:30:00', 5, 5),
('Excelente post! Suas estratégias são realmente eficientes.', '2023-06-03 08:15:00', 6, 6),
('Compartilhe mais descobertas sobre as terras místicas, por favor!', '2023-06-04 15:40:00', 7, 7),
('Seu diário de paladino está inspirador. Continue compartilhando!', '2023-06-05 18:25:00', 8, 8),
('Estou pronto para enfrentar o desafio final com você!', '2023-06-05 13:50:00', 9, 9),
('Suas dicas de alquimia me ajudaram muito. Obrigado!', '2023-06-04 16:35:00', 10, 10),
('Ótimo guia para tanques! Vou implementar essas estratégias.', '2023-06-02 11:20:00', 11, 11),
('Concordo, os equipamentos lendários são realmente incríveis.', '2023-06-03 14:45:00', 12, 12),
('Que aventura emocionante! Você tem muita coragem.', '2023-06-02 17:30:00', 13, 13),
('Conte comigo para a missão lendária. Vamos vencer juntos!', '2023-06-03 10:30:00', 14, 14),
('Suas estratégias de combate como mago são impressionantes.', '2023-06-04 15:45:00', 15, 15),
('Estou interessado em entrar para um clã PvP competitivo.', '2023-06-05 19:20:00', 16, 16),
('Obrigado pelo guia de alquimia. Agora poderei criar poções melhores.', '2023-06-05 11:10:00', 17, 17),
('As builds de suporte são essenciais para o sucesso do time.', '2023-06-04 09:00:00', 18, 18),
('Estou curioso para saber mais sobre o assassino sombrio.', '2023-06-02 14:30:00', 19, 19),
('Conte comigo para a missão desafiadora. Juntos, vamos vencer!', '2023-06-03 17:15:00', 1, 1),
('Estou em busca dos melhores materiais de alquimia. Alguma dica?', '2023-06-04 12:40:00', 2, 2),
('Quais são os melhores arqueiros do reino? Vamos discutir!', '2023-06-05 16:20:00', 3, 3),
('Também estou procurando um grupo para desafios épicos.', '2023-06-05 10:55:00', 4, 4),
('Parabéns pelas estratégias para derrotar chefes de mundo!', '2023-06-04 13:30:00', 5, 5),
('Essas dicas de construção de personagem são valiosas.', '2023-06-02 08:15:00', 6, 6),
('Vamos compartilhar nossas descobertas nas terras místicas.', '2023-06-03 15:40:00', 7, 7),
('Gostei das dicas de cura para xamãs. Obrigado!', '2023-06-04 12:40:00', 8, 8),
('Quais são as melhores estratégias de combate à distância?', '2023-06-05 16:20:00', 9, 9),
('Procurando um grupo para desafios épicos. Alguém se junta?', '2023-06-05 10:55:00', 10, 10),
('Adorei sua estratégia para derrotar chefes de mundo.', '2023-06-04 13:30:00', 11, 11),
('Preciso de ajuda para completar uma missão desafiadora.', '2023-06-02 08:15:00', 12, 12),
('Ótimas dicas para construir guerreiros. Vou testar.', '2023-06-03 15:40:00', 13, 13),
('Estou curioso para explorar as terras místicas também.', '2023-06-04 12:40:00', 14, 14),
('Seu diário de paladino está emocionante. Continue compartilhando!', '2023-06-05 16:20:00', 15, 15),
('Juntos, vamos enfrentar o desafio final e vencer!', '2023-06-05 10:55:00', 16, 16),
('Aprender alquimia mística é uma excelente ideia. Obrigado pelo guia!', '2023-06-04 13:30:00', 17, 17),
('Preciso fortalecer minha build de tanque. Suas dicas vão ajudar.', '2023-06-02 08:15:00', 18, 18),
('Quais são os melhores equipamentos lendários do jogo?', '2023-06-03 15:40:00', 19, 19),
('Gostei das histórias de aventura. Continue compartilhando!', '2023-06-02 18:25:00', 1, 1),
('Vamos enfrentar o desafio lendário juntos. Conte comigo!', '2023-06-03 13:50:00', 2, 2),
('Suas poções mágicas são incríveis. Preciso aprender alquimia!', '2023-06-04 16:35:00', 3, 3),
('Preciso melhorar minha resistência como tanque. Alguma dica?', '2023-06-05 11:20:00', 4, 4),
('Quais equipamentos lendários você recomenda? Estou em busca.', '2023-06-05 14:45:00', 5, 5),
('Tenho muitas histórias de aventura para compartilhar também!', '2023-06-04 17:30:00', 6, 6),
('Vamos juntos enfrentar o desafio lendário. Estou preparado!', '2023-06-02 10:00:00', 7, 7),
('Concordo com suas estratégias para enfrentar desafios. Muito útil.', '2023-06-03 14:30:00', 8, 8),
('Sua alquimia mística é impressionante. Onde posso aprender?', '2023-06-04 17:45:00', 9, 9),
('Preciso melhorar minha defesa como tanque. Alguma dica?', '2023-06-05 12:30:00', 10, 10),
('Qual equipamento lendário é o melhor para um mago?', '2023-06-05 15:55:00', 11, 11),
('Tenho minhas próprias histórias de aventura para contar.', '2023-06-04 18:40:00', 12, 12),
('Vamos enfrentar o desafio final juntos. Estou pronto!', '2023-06-02 11:15:00', 13, 13),
('Suas estratégias de cura são muito úteis. Obrigado!', '2023-06-03 15:40:00', 14, 14),
('Preciso aprimorar meu dano como arqueiro. Alguma dica?', '2023-06-04 18:55:00', 15, 15),
('Qual é o melhor equipamento lendário para um guerreiro?', '2023-06-05 13:50:00', 16, 16),
('Estou animado para compartilhar minhas histórias de aventura!', '2023-06-05 16:30:00', 17, 17),
('Vamos enfrentar o desafio final juntos. Estou preparado!', '2023-06-04 19:25:00', 18, 18),
('Suas estratégias de combate são realmente eficazes. Obrigado!', '2023-06-02 12:40:00', 19, 19),
('Adorei suas dicas de cura. Vou testá-las no jogo!', '2023-06-03 16:55:00', 1, 1),
('Preciso melhorar minha precisão como arqueiro. Alguma dica?', '2023-06-04 19:45:00', 2, 2),
('Qual é o melhor equipamento lendário para um paladino?', '2023-06-05 14:50:00', 3, 3),
('Estou pronto para compartilhar minhas histórias de aventura!', '2023-06-05 17:35:00', 4, 4),
('Vamos enfrentar o desafio final juntos. Conte comigo!', '2023-06-04 20:20:00', 5, 5),
('Suas estratégias de combate à distância são incríveis!', '2023-06-02 13:50:00', 6, 6),
('Adorei suas dicas de cura para xamãs. Obrigado!', '2023-06-03 17:45:00', 7, 7),
('Preciso melhorar minha resistência como tanque. Alguma sugestão?', '2023-06-04 20:35:00', 8, 8),
('Qual é o melhor equipamento lendário para um assassino?', '2023-06-05 15:40:00', 9, 9),
('Estou animado para compartilhar minhas histórias de aventura!', '2023-06-05 18:25:00', 10, 10),
('Vamos enfrentar o desafio final juntos. Conte comigo!', '2023-06-04 21:10:00', 11, 11),
('Suas estratégias de combate são realmente eficazes. Obrigado!', '2023-06-02 14:55:00', 12, 12),
('Adorei suas dicas de cura. Vou testá-las no jogo!', '2023-06-03 18:55:00', 13, 13),
('Preciso melhorar minha precisão como arqueiro. Alguma sugestão?', '2023-06-04 21:45:00', 14, 14),
('Qual é o melhor equipamento lendário para um guerreiro?', '2023-06-05 16:50:00', 15, 15),
('Estou pronto para compartilhar minhas histórias de aventura!', '2023-06-05 19:35:00', 16, 16),
('Vamos enfrentar o desafio final juntos. Estou preparado!', '2023-06-04 22:25:00', 17, 17),
('Suas estratégias de combate à distância são incríveis!', '2023-06-02 15:50:00', 18, 18),
('Adorei suas dicas de cura para xamãs. Obrigado!', '2023-06-03 19:45:00', 19, 19);

select * from comentarios;
select * from jogosusuario;

insert into jogosusuario values
(1, 1),
(2, 1),
(3, 1),
(5, 1),
(8, 1),
(10, 1),
(11, 1),
(15, 1),
(18, 1),
(19, 1),
(1, 2),
(3, 2),
(5, 2),
(6, 2),
(9, 2),
(10, 2),
(11, 2),
(13, 2),
(19, 2),
(1, 3),
(2, 3),
(5, 3),
(6, 3),
(10, 3),
(11, 3),
(12, 3),
(15, 3),
(19, 3),
(1, 4),
(4, 4),
(5, 4),
(6, 4),
(7, 4),
(8, 4),
(9, 4),
(11, 4),
(12, 4),
(13, 4),
(14, 4),
(15, 4),
(17, 4),
(18, 4),
(19, 4),
(1, 5),
(2, 5),
(4, 5),
(5, 5),
(6, 5),
(7, 5),
(8, 5),
(9, 5),
(11, 5),
(12, 5),
(13, 5),
(14, 5),
(15, 5),
(16, 5),
(17, 5),
(18, 5),
(19, 5),
(20, 5);


